{"Biases": [63008.36654299344, 39589, 45615, 25760.97323294447, 65536, 38885, 25384, 997.9464386995365, 16186], "LayerSize": [4, 2, 3], "Connections": [0, 4, 6265, 0, 1, 4, 48256, 0, 2, 4, 57583, 0, 3, 4, 42750, 0, 0, 5, 51127, 0, 1, 5, 41447, 0, 2, 5, 28223, 0, 3, 5, 31769, 0, 4, 6, 15110, 0, 5, 6, 14080, 0, 4, 7, 33111, 0, 5, 7, 1339, 0, 4, 8, 32413, 0, 5, 8, 30791, 0, 0, 4, 1700, 0, 1, 4, 34844, 0, 2, 4, 47174, 0, 3, 4, 3984, 0, 0, 5, 19386, 0, 1, 5, 52683, 0, 2, 5, 14832, 0, 3, 5, 50197, 0, 4, 6, 53120, 0, 5, 6, 6393, 0]}